command,mean,stddev,median,user,system,min,max
./main < ./10.txt,0.0015703750551832472,0.0005594177586953186,0.0013339029399999998,0.0014364094240837699,0.0005085521256544499,0.0009130299399999998,0.00287151794
./main < ./11.txt,0.0014674781281659396,0.0007694427931730938,0.0011925269,0.001351790742358079,0.00045072737991266355,0.0008363119,0.0042769549
./main < ./12.txt,0.0018905319724265525,0.0004765546889011379,0.00184212314,0.0015416961479869414,0.000662690184983678,0.0008547361399999995,0.0035116881399999997
./main < ./13.txt,0.0017342274803951701,0.0005869573149051938,0.0017389772400000004,0.0014640303402854026,0.0006088398243688252,0.0007667492400000005,0.010812460240000002
./main < ./14.txt,0.001405714879875519,0.0005031481237400217,0.0015098567999999996,0.0011751598755186737,0.00047683931535269703,0.0009161632999999995,0.0130074683
./main < ./15.txt,0.0015912346253658541,0.00033599862331854343,0.00158429604,0.0015097470413573714,0.000508637115588547,0.0008447710400000001,0.0025741120399999998
./main < ./16.txt,0.0014657034957541895,0.0007112096345339874,0.0011230232600000002,0.0012951074636871522,0.0005197130726256985,0.0007738492600000003,0.00423090926
./main < ./17.txt,0.001832935199285715,0.0008118725122207664,0.0014373563600000002,0.001516348067226889,0.0007348341806722691,0.0007918848600000001,0.0038812418600000006
./main < ./18.txt,0.0015160624402347403,0.0004119781985468942,0.00154655754,0.0013876763615023474,0.0005991841784037557,0.0008194995399999996,0.0031766385399999994
./main < ./19.txt,0.0013510719137711865,0.00048292266927288716,0.0011698439000000001,0.0010859649152542383,0.0006462786864406778,0.0008371384,0.0032859384
./main < ./20.txt,0.0013703193376158951,0.0003611411639504489,0.0012210204799999998,0.0010731084768211918,0.0005800980132450332,0.0008746459799999998,0.00236923198
./main < ./21.txt,0.0020260254510610946,0.000877067830162069,0.0020024554800000005,0.0015778975348338705,0.0007739356913183283,0.0008580214800000003,0.0038615784800000003
./main < ./22.txt,0.0014968914740659347,0.00032609038167423574,0.0015247516399999998,0.0013427734725274707,0.0005025636263736266,0.0008953936399999996,0.00289171364
./main < ./23.txt,0.0013507776818522828,0.00031956237198499084,0.0014220845399999993,0.0011554054865181703,0.0005062801406799528,0.0008620845399999991,0.0023392485399999995
./main < ./24.txt,0.002194782542302774,0.0008643479644333461,0.002074133860000001,0.0017814623454157775,0.0007611219189765459,0.0009017758600000005,0.004320883860000001
./main < ./25.txt,0.0013123873372677586,0.000497693576543818,0.0011269180399999996,0.0013631150601092893,0.0004235970710382514,0.0007351940399999996,0.0028476410399999996
./main < ./26.txt,0.001715855663333334,0.0005340943791454348,0.0018764720799999994,0.0014568670175438593,0.0006365087280701753,0.0007700355799999995,0.00402675658
./main < ./27.txt,0.0026788447109880554,0.000397605031530303,0.00281744942,0.0020910102062975046,0.0010205572204125945,0.0007943734200000002,0.0032509104200000006
./main < ./28.txt,0.0007800116447058827,0.0007771059692354441,0.00022407162000000007,0.0012068294809688576,0.0005018217993079585,0,0.0030818951200000002
./main < ./29.txt,0.0011275720525213671,0.0001332040020541446,0.0011842480600000004,0.0012843390384615393,0.0001849942307692307,0.0008837955600000001,0.0016479655600000003
./main < ./30.txt,0.0012773047819027482,0.0004930857931123893,0.0010313200799999997,0.0012127991543340383,0.00045723496828752627,0.0008659630800000001,0.00585123708
./main < ./31.txt,0.001253764871467267,0.0004081081155290286,0.0010879434200000003,0.0011438413769751703,0.0004725351693002258,0.0008669314200000001,0.0034575484200000004
./main < ./32.txt,0.0012609420662295075,0.00037445006758131264,0.0010985646399999998,0.0011138412021857922,0.0005056892677595627,0.0008767586399999997,0.00366805164
./main < ./33.txt,0.000915557644749454,0.0002452051307335038,0.00083590616,0.0008069940305010894,0.0004585289760348587,0.0007193626599999998,0.0030895506600000003
./main < ./34.txt,0.0010131640096982765,0.00022042899629871234,0.0009172510000000009,0.0008842947844827586,0.00043279245689655183,0.0007923375000000008,0.0021691205000000007
./main < ./35.txt,0.0017585345449843584,0.0007649814762655773,0.0015573989599999998,0.001446672367049009,0.0006254742440041708,0.0009120639599999995,0.004323556960000001
./main < ./36.txt,0.0013219602750854699,0.0004194923643812911,0.00112603918,0.0011988142521367525,0.0004556479914529915,0.0008832391799999998,0.0028543061799999997
./main < ./37.txt,0.0011893329567094029,0.0005053629980211749,0.0009105971800000003,0.0010125718376068373,0.0005152408547008544,0.0007939131800000004,0.00408420118
./main < ./38.txt,0.0010810589921382294,0.00036415950835251185,0.00095401172,0.0009660516198704101,0.00048573416846652283,0.0007372497199999999,0.00342618172
./main < ./39.txt,0.0012028659534391555,0.0005209102825824167,0.0010237420000000007,0.0010173168465608463,0.0005254791111111117,0.0006965900000000004,0.005426805000000001
./main < ./40.txt,0.0011410325772445466,0.0003916519072462624,0.0010289201799999997,0.0010466754994259472,0.0004195960964408726,0.0007023131799999997,0.0033665971799999995
./main < ./41.txt,0.0012234940370581255,0.00040728488502577695,0.0010995106800000005,0.0010546158481613288,0.0005136845077105574,0.0007651986800000007,0.003364645680000001
./main < ./42.txt,0.001095192422350335,0.0003251021969604361,0.0009771724800000004,0.0013675478048780507,0.000301296541019956,0.0007187409800000003,0.00262250198
./main < ./43.txt,0.0011143844882560712,0.00021945377051874323,0.0010411190600000003,0.0011471498675496683,0.00037442836644591625,0.0008735905600000004,0.00266012756
./main < ./44.txt,0.0011554122572972959,0.00030262924727171033,0.0010450561199999995,0.0011731058594594594,0.0004014018378378377,0.0008207871199999994,0.0025449921199999993
./main < ./45.txt,0.0012026357442778395,0.00041477131061726,0.0010814925800000002,0.001231780815876515,0.0004028094818081583,0.0007437105800000001,0.00326035758
./main < ./46.txt,0.001264628818205129,0.0009624337721347829,0.00104069644,0.0011280614871794867,0.0005381872820512819,0.00047155593999999995,0.010826760940000001
./main < ./47.txt,0.0013041648599999983,0.0005690708804275747,0.0011511004999999995,0.0012411409647058826,0.0005322038823529417,0.0006198329999999993,0.004731388999999999
./main < ./48.txt,0.0010642840422674408,0.0003458587336809947,0.0009660776600000007,0.0010994568023255805,0.000393782965116279,0.0006337496600000007,0.002687037660000001
./main < ./49.txt,0.0011057050034718819,0.00033690970046311295,0.0009869093799999996,0.001202106161369194,0.000355246748166259,0.0007514943799999995,0.00335531438
./main < ./50.txt,0.0013790610521890556,0.0010367476687158993,0.0011267747400000002,0.0010958907960199008,0.0005990809950248755,0.0005937062400000002,0.01091758324
./main < ./51.txt,0.0011846285026927785,0.00036323849233277757,0.0010672760999999998,0.0010437665850673208,0.000497213219094247,0.0007950071,0.0041017891
./main < ./52.txt,0.0011000508998317558,0.0002465568235247452,0.00101662374,0.0010866559411146163,0.0004016164879074659,0.0008443907400000001,0.00288007474
./main < ./53.txt,0.0010926256763793094,0.00023937858305107844,0.0010112195600000002,0.0010507045258620678,0.00041750474137931045,0.0008046890600000001,0.0033662540600000006
./main < ./54.txt,0.0011155048517156848,0.0002498509111428095,0.0010318699999999996,0.0010329591911764702,0.00045421664215686275,0.0008240009999999996,0.002796092
./main < ./55.txt,0.0011498600449406696,0.0004212731966596964,0.0010284165800000002,0.0012241546494066889,0.00036266032362459533,0.0008410075800000002,0.00815457658
./main < ./56.txt,0.001092752476564418,0.0002350190144090899,0.0010197549600000008,0.001051361865030676,0.00040449489570552145,0.0008384879600000007,0.0027658989600000006
./main < ./57.txt,0.0010979331655156955,0.00024314905193776668,0.0010175704199999996,0.001092771031390134,0.00039790062780269066,0.0008283964199999995,0.0037696414199999994
./main < ./58.txt,0.0012181999332758616,0.000622811767660063,0.0010252683600000005,0.0011153543965517227,0.0005055469396551725,0.0008170738600000007,0.00872773186
./main < ./59.txt,0.0011032481626344686,0.00026271984386290166,0.0010197025600000003,0.0009763367288693742,0.0004941625027442371,0.0008300635600000006,0.0025929555600000005
./main < ./60.txt,0.0011161444396563579,0.0002226494145563898,0.0010481323400000002,0.0010675167926689575,0.0003878122565864834,0.0008501353400000001,0.0028276313400000005
./main < ./61.txt,0.001110422100672479,0.00021570167050575395,0.0010320842800000006,0.0011437381320049812,0.0003703938729763386,0.0008416292800000002,0.002259135280000001
./main < ./62.txt,0.0010790499951290687,0.00025247597535131837,0.0009960522599999997,0.0009024913580246921,0.0005022507070707071,0.0007936302599999994,0.00331061526
./main < ./63.txt,0.0011186394774918215,0.00023440728275871825,0.0010321855799999996,0.0010538842748091602,0.0004502023991275899,0.0008613725799999999,0.0025662215799999995
./main < ./64.txt,0.0010850215562255958,0.00020456936239291013,0.0010178297200000004,0.0010510167462039048,0.0004349126898047723,0.0008372897200000003,0.0025887897200000004
./main < ./65.txt,0.001103342723678161,0.00024975532148957004,0.0010110380800000002,0.0010446880459770123,0.0004115722758620691,0.0008264690799999999,0.0027304030800000003
./main < ./66.txt,0.0010853470752486183,0.0002254100018235209,0.00100735722,0.0008352905193370164,0.0005536609502762437,0.0008037962200000003,0.00238403422
./main < ./67.txt,0.0010982325677282377,0.00021696672415057763,0.0010257208999999998,0.0009564150743099792,0.000489973333333333,0.0008374593999999997,0.0024196334
./main < ./68.txt,0.0011124761997762867,0.00024244208787983982,0.0010387904000000005,0.0012117757270693511,0.0003540626398210289,0.0008283849000000005,0.0035480849000000003
./main < ./69.txt,0.0011086692246220315,0.0002357489883374498,0.0010341549999999997,0.0011543798704103671,0.0003898196760259178,0.000842771,0.002933474
./main < ./70.txt,0.001107717988302301,0.00022855887025254528,0.00103005464,0.001262570120481928,0.00035199671412924433,0.0008311186400000001,0.00248369464
./main < ./71.txt,0.0011362738970569284,0.0002383856148168465,0.0010533113600000002,0.0009472667024704612,0.00047166332975295355,0.0008626513600000002,0.00273584936
./main < ./72.txt,0.0011126911893991408,0.0002171237431470068,0.0010450463599999999,0.0009597891630901299,0.0004427276824034336,0.00084240686,0.0024559698599999997
./main < ./73.txt,0.0011055570369197408,0.0002245094140947088,0.00104027532,0.0011570195444685477,0.00040110479392624766,0.00084155682,0.0025558728200000005
./main < ./74.txt,0.0011282788330288463,0.0002207106924307514,0.0010651034400000002,0.0009084940384615378,0.0004638474038461535,0.0008548364400000003,0.00225377444
./main < ./75.txt,0.001084868314719626,0.00022245229194271785,0.0010181133999999999,0.0010135796962616828,0.00043016308411214976,0.0008161059,0.0026382599
./main < ./76.txt,0.0010896117833507854,0.0002285499369416139,0.0010195883199999997,0.001020926282722514,0.00043706243455497365,0.0008345763199999997,0.00268949132
./main < ./77.txt,0.0011276191652976914,0.0002293190472162469,0.0010566664799999985,0.0010808900607533422,0.00042505419198055907,0.0008740404799999985,0.0027914874799999986
./main < ./78.txt,0.0011264753679661023,0.00021971410288515133,0.00105627144,0.0010988942372881355,0.000400389406779661,0.0008712194399999999,0.00255863944
./main < ./79.txt,0.0011371511463104328,0.00023220704383401471,0.0010597540000000002,0.0010348377353689574,0.0004420578880407125,0.0008819044999999999,0.0025271305
./main < ./80.txt,0.0011357962777777779,0.00025105435560910213,0.0010589665000000001,0.000971037568134172,0.0004868929559748426,0.0008395380000000003,0.0032241180000000006
./main < ./81.txt,0.0011201523324675317,0.00023192742034452093,0.0010438593000000002,0.001161812207792208,0.00040155008658008677,0.0008727188,0.0028003278000000003
./main < ./82.txt,0.0011418693427541833,0.0002510405043786114,0.0010651491600000007,0.0011163190476190462,0.0004372241956241957,0.0008834131600000007,0.002861899160000001
./main < ./83.txt,0.0010943204133333328,0.00021862331988751232,0.0010291708199999998,0.0010856135555555558,0.00037858773333333313,0.00083980682,0.0027525638199999997
./main < ./84.txt,0.0014465260521153852,0.0005607112749680519,0.0012814229800000004,0.0011556593749999984,0.0006015707692307696,0.0008378254800000002,0.005036460480000001
./main < ./85.txt,0.0012918694628820944,0.00043196196958764457,0.0011733094999999993,0.0012586774235807843,0.00046694176855895206,0.0008053129999999993,0.003834292999999999
./main < ./86.txt,0.0012236535400434315,0.00043192918003915124,0.00109590878,0.001264039196525515,0.0004635140933767645,0.0007175227799999999,0.00400938478
./main < ./87.txt,0.0008865363114634166,0.00018795392856042108,0.0008145585200000007,0.0008914264146341458,0.00040254673170731685,0.000660377020000001,0.0024557370200000007
./main < ./88.txt,0.0013506786893989068,0.0006302614900126399,0.0012274573200000008,0.0012598005245901631,0.00046299466666666663,0.0009368643200000008,0.005358814320000001
./main < ./89.txt,0.0011392147,0.00035730403974296144,0.0010251975000000002,0.0010745747407407422,0.00047089990123456765,0.0007320025,0.0036636065000000004
./main < ./90.txt,0.0011028686150556797,0.00022649347613720386,0.0010305543399999999,0.0009776699331848545,0.00047905189309576816,0.0008479078399999999,0.00302558584
./main < ./91.txt,0.0011636131882418821,0.0002642828384847346,0.0010802806999999997,0.0010900688689809625,0.0004510969092945128,0.0008569297,0.0029881847000000003
./main < ./92.txt,0.001143841479956802,0.00023691646706306736,0.00106304894,0.0010069506695464365,0.00045540660907127437,0.0008812469400000002,0.00266258394
./main < ./93.txt,0.001134032921245972,0.00023930543761355532,0.0010621572800000004,0.0009707736627282482,0.00048588174006444686,0.0008653692800000001,0.0027374502800000004
./main < ./94.txt,0.0010946129168593248,0.00021485130875382004,0.0010193752800000005,0.0010514329334787354,0.0004279209814612865,0.0008346292800000005,0.0022688142800000003
./main < ./95.txt,0.0011601904692344492,0.0002609623276481193,0.0010829294800000003,0.0010216343540669851,0.0004351831339712918,0.0008622704800000003,0.00312036148
./main < ./96.txt,0.0011065607227949592,0.00022666313068311789,0.0010287999999999999,0.0011295459335624299,0.0003735342497136308,0.000850506,0.002649901
./main < ./97.txt,0.0011109675526269308,0.00022996158403769206,0.0010304372800000005,0.0010304739514348784,0.000447774834437086,0.0008581912800000005,0.0026923822800000007
./main < ./98.txt,0.0011121259748858448,0.00022080594041249478,0.0010393925,0.001085262557077626,0.00037981963470319646,0.0008476809999999999,0.0027469280000000005
./main < ./99.txt,0.001157054637542662,0.000233035568225965,0.0010742505999999999,0.0010284500568828211,0.0004497730375426619,0.0008891535999999999,0.0024590306
./main < ./100.txt,0.0011588087340476192,0.00025328924101191157,0.0010756924400000005,0.0011118403809523814,0.0004037795714285714,0.0008874759400000006,0.0023438599400000004
./main < ./110.txt,0.0011052785120993242,0.00022154063973591834,0.0010357150200000003,0.0010644842663656891,0.0003994806546275396,0.0008392555200000002,0.00285284752
./main < ./120.txt,0.0011311458886975234,0.00022676889474760364,0.0010587924,0.0011179299892357386,0.0004148701829924651,0.0008938433999999998,0.0031972323999999996
./main < ./130.txt,0.0011401512241450782,0.0002456157696309989,0.00107132132,0.0010246343005181349,0.0004049628238341969,0.00088721332,0.0035461253200000003
./main < ./140.txt,0.0011342402863249738,0.00022415661171651898,0.001060870680000001,0.000988337208287896,0.0004495955943293348,0.0008653416800000007,0.0026836906800000006
./main < ./150.txt,0.0011613995006360422,0.0002180898759984945,0.0010939209599999996,0.000993089234393404,0.0005001942756183744,0.0008975839599999996,0.0024812869599999993
./main < ./160.txt,0.0011353078900000002,0.00022766115057227547,0.0010581961399999996,0.0010694169398907094,0.00042789060109289594,0.0008889776399999996,0.0026371306399999997
./main < ./170.txt,0.001151923445533768,0.00022808749008471343,0.0010740935,0.0010300904575163393,0.00041616193899782135,0.0008747695000000002,0.0025304255
./main < ./180.txt,0.0011036975011542733,0.00021033324396340313,0.0010352965400000002,0.0011252413762486125,0.00037305980022197583,0.0008467435400000001,0.0025236905400000003
./main < ./190.txt,0.0011637629721160058,0.00022107582175008166,0.0010966508400000003,0.0011056186895810958,0.0004074650268528465,0.0008728318400000002,0.00316360484
./main < ./200.txt,0.0011587722270880376,0.0002120884019592174,0.0010905047000000008,0.000862945124153499,0.0005568980812641085,0.0009074697000000008,0.002615411700000001
./main < ./210.txt,0.0011644093888888915,0.00022224330271027994,0.0010888606400000006,0.0010666419555555562,0.00047996162222222215,0.0008931141400000007,0.002621354140000001
./main < ./220.txt,0.0011370338161662814,0.00021689410121117583,0.0010720828000000005,0.0010427326558891453,0.0004568252193995379,0.0008693553000000006,0.0024667613000000006
./main < ./230.txt,0.0012496281128898592,0.0004764504123917896,0.00110003056,0.0011287634460196278,0.00046706913849509297,0.0008709205600000002,0.00468395456
./main < ./240.txt,0.0013917945049881251,0.0004277303776676222,0.0013132311,0.0013832242042755355,0.00044737838479809943,0.0008698126,0.0034537056000000003
./main < ./250.txt,0.0012740983655581946,0.0003747409093709744,0.0011351814,0.0011718115439429933,0.00045079558194774323,0.0008703639000000002,0.0033326789
./main < ./260.txt,0.0014557344802048656,0.00045597681393486127,0.0013658988400000005,0.0012467863252240707,0.0005981409475032007,0.0007924668400000005,0.0039488538400000005
./main < ./270.txt,0.0011647780231847128,0.00022679513891883042,0.0011492553199999997,0.001138894191082802,0.0004333237452229302,0.0008161603199999998,0.00238222432
./main < ./280.txt,0.0013088668787772947,0.00032332278228127683,0.0011834840599999998,0.0010539661572052403,0.0004933387554585155,0.0010007935599999998,0.0037925695599999995
./main < ./290.txt,0.000825171207692308,0.0005696194162355025,0.0006454959000000001,0.0010651415698587116,0.0005214956985871276,0.00012379489999999986,0.0038408629
./main < ./300.txt,0.0011517150010146562,0.0002548197593969164,0.0010656627,0.001026445546786922,0.0005121659526493799,0.0008158297000000004,0.0028612617000000006
./main < ./310.txt,0.0011619337729773028,0.000220574115373993,0.0010998280399999996,0.001078209078771695,0.000491276849132176,0.0008692150399999998,0.00240158104
./main < ./320.txt,0.0013030725494117645,0.00033900540536707186,0.00119850134,0.0010570675999999998,0.0005422534588235291,0.0009567333399999999,0.0029780533400000004
./main < ./330.txt,0.0012786327645807245,0.0003814926120551673,0.0012917701000000003,0.0013152636295369205,0.0004550241802252815,0.0007238701000000002,0.0031367611000000005
./main < ./340.txt,0.0023590627924252477,0.0016687544233499325,0.0016552815199999999,0.0017701492358803974,0.0008221347951273533,0.0009860315199999997,0.009172697520000002
./main < ./350.txt,0.0013596145564332895,0.0006276521390547622,0.0011517374599999998,0.001123236723910172,0.0005435943461030384,0.0009537334599999999,0.00568274346
./main < ./360.txt,0.0014898689623485768,0.0004363625458969553,0.0013793470600000001,0.0012972007911001245,0.0005369135723114954,0.00096767606,0.00443112606
./main < ./370.txt,0.0012311634617587954,0.0003985321222476882,0.0010654408600000004,0.0013173260804020103,0.00044326494974874364,0.0008470163600000002,0.00319249336
./main < ./380.txt,0.0012844607284337379,0.00022528055541654244,0.00123776022,0.0011498606024096395,0.0004618845783132529,0.0009937652200000002,0.0027690382200000006
./main < ./390.txt,0.0012582638427979275,0.00019371187835804548,0.0012124561199999997,0.0011079141450777202,0.000520951243523316,0.0009943121199999998,0.0023723721199999997
./main < ./400.txt,0.0012888803555045863,0.00022872054151662393,0.001217961,0.0011247525688073395,0.0004880177981651377,0.0010279645000000003,0.0032549385000000004
./main < ./410.txt,0.0012817349675706196,0.0002816169750572755,0.0011743443799999993,0.0012636936949152544,0.00041244076836158196,0.0009702523799999989,0.0031709313799999994
./main < ./420.txt,0.001335274155448953,0.0003710555769435315,0.0011814802599999998,0.0011718277490774913,0.0004775766297662978,0.0009598542599999998,0.00415488126
./main < ./430.txt,0.0012515499146072684,0.00022939703525017013,0.0011870597199999991,0.0010697748886283698,0.00048336968347010553,0.0009473897199999992,0.0027307437199999996
./main < ./440.txt,0.0013000394711421902,0.00021121191282355453,0.0012524022799999994,0.0011884196969696964,0.0004669227738927739,0.0010146417799999992,0.00301792078
./main < ./450.txt,0.0013001571569373565,0.0002149441055002146,0.0012397289399999998,0.001280400301624131,0.000434800348027842,0.0009970859399999997,0.0027656539399999996
./main < ./460.txt,0.0013546853596296297,0.00032152470505354637,0.0012475819799999993,0.0012592653703703716,0.00047452039351851837,0.000976729979999999,0.0027748469799999996
./main < ./470.txt,0.0016939084283159119,0.0004883867244088596,0.0015556309800000005,0.0013387041811846684,0.000618594657375145,0.0011092699800000004,0.004261403980000001
./main < ./480.txt,0.0013367217184530392,0.00031727068813261873,0.0013028310399999994,0.0013265411049723779,0.0004629025414364637,0.0008451910399999993,0.0031348020399999997
./main < ./490.txt,0.001478626360965207,0.0004305711055687867,0.0013153498199999997,0.0012839837261503931,0.0004919060381593712,0.0010740598199999998,0.00420342782
./main < ./500.txt,0.0014200146965957449,0.0004205410405223646,0.001289797420000001,0.001243056125419933,0.0004793091601343785,0.001055402420000001,0.006149552420000001
./main < ./510.txt,0.0013672381729211765,0.0003101542676638014,0.0012860280400000005,0.0011504990726429675,0.0005310251004636789,0.0009472360400000004,0.0034179770400000007
./main < ./520.txt,0.0013157255215920404,0.00023773610208211945,0.0012448593399999996,0.0011472969402985071,0.0005022014925373132,0.0010264603399999998,0.00300282834
./main < ./530.txt,0.0013534585723353294,0.00023411306310095942,0.0012735207399999999,0.0011051470419161681,0.0005272311856287424,0.0010769497399999999,0.00341500074
./main < ./540.txt,0.0013498789244742754,0.0003163747704134175,0.0012319944200000009,0.0011152412975391495,0.0005411709172259506,0.001037011420000001,0.003620030420000001
./main < ./550.txt,0.00132154749984476,0.00023132261087059828,0.0012596240599999993,0.0012617127554980588,0.0004358019663648123,0.0010310220599999993,0.002671786059999999
./main < ./560.txt,0.001326986113977128,0.00022508821616960728,0.0012812510999999998,0.0011818149936467595,0.0004997837357052097,0.0010580870999999997,0.0031902221
./main < ./570.txt,0.0013467806546482118,0.00019315511739649116,0.0012990957400000002,0.0011973718569780844,0.00046614403690888116,0.0010677167400000003,0.00324968074
./main < ./580.txt,0.0013396674504055606,0.00021226513709800813,0.0012786508999999995,0.0011952278331402082,0.00046083105446118185,0.0010619588999999994,0.0026723858999999997
./main < ./590.txt,0.0013250856026650662,0.00023559660711025885,0.0012330959399999997,0.0012515230492196883,0.00040391716686674666,0.00105598494,0.00268038794
./main < ./600.txt,0.0013602209885561504,0.00028883762682815775,0.00124320628,0.001316246390374332,0.0004525000534759355,0.0010475832799999997,0.00259942428
./main < ./610.txt,0.0013229873548571433,0.0002426275611711561,0.0012528924600000001,0.0011038236342857124,0.0005394622857142857,0.0009935494600000002,0.0030236854600000002
./main < ./620.txt,0.0013897404922222202,0.0002712592534529514,0.001330725019999999,0.0012263716161616165,0.000503412424242424,0.001082796019999999,0.0048299680199999995
./main < ./630.txt,0.0013724220040686275,0.00023835588810945627,0.0013108045199999995,0.0012653164215686255,0.0004694009803921567,0.0010768900199999995,0.0033734830199999995
./main < ./640.txt,0.0013861099563170153,0.00025668255536622403,0.00131007094,0.001225556876456876,0.0004876591142191142,0.0010843519399999996,0.00305445394
./main < ./650.txt,0.0017138620166118857,0.0007200060464849041,0.00148626254,0.001295558912768647,0.0006492468520859666,0.0011086825399999997,0.00844598054
./main < ./660.txt,0.001375383309243029,0.0003433717519741145,0.00128119862,0.0012496645949535187,0.00045727543160690553,0.0009986896199999998,0.0034676976199999997
./main < ./670.txt,0.0015860685438095258,0.000561147480734489,0.0014320835200000003,0.0012083295739348367,0.000627418170426065,0.0010792780200000003,0.007143175020000001
./main < ./680.txt,0.001484779873333333,0.0002934960810475136,0.0014239768600000004,0.001153989963636363,0.0005779884848484847,0.0010534998600000003,0.00374608186
./main < ./690.txt,0.0015186950555985488,0.000309409480046718,0.0014320727399999996,0.0013399099153567125,0.0005057401692865778,0.0011453817399999996,0.0037283017400000003
./main < ./700.txt,0.001451012964411327,0.0004886107572444426,0.0013133867200000003,0.001317329210134128,0.0005117569597615498,0.0009224447200000003,0.00538740272
./main < ./710.txt,0.0014342621485230018,0.000426164223095298,0.00126072668,0.0012611257142857136,0.0005266031476997579,0.00101305168,0.0033847266800000005
./main < ./720.txt,0.0013943355349999983,0.00023497779370726862,0.00134154232,0.0012496911000000014,0.0004947004,0.0010852018199999998,0.0028441788200000004
./main < ./730.txt,0.0013907143550000018,0.00020485897803559946,0.001346776060000001,0.0012843020750000012,0.0004401889999999998,0.0011255675600000009,0.0028073365600000014
./main < ./740.txt,0.0014300655555450265,0.00023663523997746668,0.001377096020000001,0.0011623869194312799,0.0005586702843601892,0.0011190450200000007,0.0032464130200000013
./main < ./750.txt,0.0014057135504675724,0.00021806312071779104,0.0013479709199999998,0.001149734690799396,0.0005160558672699851,0.0011367729199999997,0.0031704349199999995
./main < ./760.txt,0.0015264476219193322,0.0003711135362195057,0.0013545426399999994,0.0013509585813630044,0.0004666264255910988,0.0011507636399999996,0.00312433064
./main < ./770.txt,0.00258615953185185,0.0009214389748222303,0.0032815966800000002,0.0019114418518518517,0.0009582344675925925,0.00105363418,0.00456515618
./main < ./780.txt,0.001618459493744292,0.000602700035146899,0.0013807210200000005,0.0013515726484018282,0.0006316931506849313,0.0009791820200000002,0.005307717020000001
./main < ./790.txt,0.0013796359864197557,0.00034243315400465046,0.001266282800000001,0.0013110164691358035,0.0004855584444444443,0.001026482300000001,0.0036314403000000015
./main < ./800.txt,0.0014177943481235144,0.00021498905857337687,0.0013768883600000005,0.001277116983372922,0.0004811698812351545,0.0011346678600000003,0.0029671808600000003
./main < ./810.txt,0.0014285935423148126,0.00018846138366863558,0.00137687954,0.0013398609722222216,0.00042677446759259257,0.0011765010399999998,0.0025136000400000002
./main < ./820.txt,0.0014947284577514785,0.00027308627478401105,0.0013996264400000001,0.00134973443786982,0.00046481254437869836,0.0011867454400000003,0.00337102644
./main < ./830.txt,0.0015314020938942314,0.0007236082335571856,0.0013406626600000002,0.0012369964903846144,0.0005155008894230769,0.00109519666,0.013297725660000002
./main < ./840.txt,0.0014218614842647062,0.0003126718256457917,0.00129084126,0.0010970025980392153,0.0005766621568627449,0.00109948126,0.0029336672600000003
./main < ./850.txt,0.0014552182557262907,0.00020155566700986915,0.00141626994,0.0013802220888355346,0.0004199217286914766,0.00116093894,0.00269068594
./main < ./860.txt,0.0014556554746805752,0.00019737380406882827,0.0014080812400000002,0.0011863558279009124,0.0005139350195567147,0.0011669232400000002,0.003469396240000001
./main < ./870.txt,0.0014596337603575687,0.00022583278577273987,0.00140136346,0.0012439348271752067,0.000508057497020262,0.0011822774599999997,0.00306148946
./main < ./880.txt,0.0014714817952662703,0.0002973174808484381,0.0013650443999999999,0.0012753546982248525,0.00046670291124260323,0.0011512864000000002,0.0044500164
./main < ./890.txt,0.0014393273808299873,0.00030375029220390727,0.0013320658400000004,0.0012154307898259691,0.0005546740294511375,0.00110597084,0.0026589388400000006
./main < ./900.txt,0.0014598232074786843,0.0002621624243338846,0.0014024395399999993,0.0013207746650426295,0.0004969809744214374,0.0011323465399999994,0.0036713745399999994
./main < ./910.txt,0.0014934934582716047,0.00020053245439485238,0.0014491005199999997,0.0011626695308641986,0.0005435626913580245,0.0011986790199999997,0.0028338490199999998
./main < ./920.txt,0.001467704284660194,0.0002296366225934392,0.001413254440000001,0.0013260616504854376,0.0004835075242718446,0.001184215440000001,0.004020655440000001
./main < ./930.txt,0.0014843302637209293,0.0002483155085730528,0.0013969739800000001,0.0011814719767441848,0.0005327410232558137,0.0011533249800000003,0.00282259598
./main < ./940.txt,0.0015110273832432421,0.00033628040975629915,0.00137857774,0.0014680894594594597,0.0004266081621621625,0.0011730687399999998,0.0034122097400000003
./main < ./950.txt,0.0014617302106508872,0.0002669466017837414,0.0013728836000000007,0.0012959768757396448,0.0004941779881656803,0.0011511396000000009,0.0027022256000000006
./main < ./960.txt,0.0014782255818621519,0.00023061330365124806,0.0014259266000000003,0.0012935550181378467,0.0005026199516324063,0.0011416086000000003,0.0034045526000000006
./main < ./970.txt,0.0015368083699123904,0.00021825787180747313,0.0014817904400000006,0.0013623360450563205,0.0004869424280350438,0.0012479994400000005,0.0031197904400000007
./main < ./980.txt,0.0015157754052618124,0.00021971083854716676,0.00144991704,0.0011649615836526192,0.0005753086079182628,0.00123289204,0.00284037704
./main < ./990.txt,0.0015419317936305743,0.00028926817667791516,0.0014337212000000007,0.001308847643312102,0.0005017453248407639,0.0012193642000000006,0.0032018152000000007
./main < ./1000.txt,0.001552983690446551,0.00035514836944512543,0.0014107441600000005,0.001251604357239512,0.0005282919079837618,0.0011908021600000001,0.0033757571600000007
./main < ./1100.txt,0.0015372090927121011,0.0002482210247906272,0.0014516371400000003,0.0013101579972183584,0.0004969223922114046,0.0012601481400000003,0.0029096621400000002
./main < ./1200.txt,0.0016110772663681587,0.00021581345999833538,0.00156060554,0.0014123180845771151,0.0004870624378109454,0.0013273175400000002,0.0031673245400000005
./main < ./1300.txt,0.0016583037748556413,0.0002227139472359897,0.0015954531199999995,0.0013307262467191596,0.0005341173753280841,0.0013847411199999996,0.00314542312
./main < ./1400.txt,0.0016664647615332196,0.00021410649727710032,0.0016022994600000005,0.001451279659284498,0.00048603482112436126,0.0013953514600000003,0.0029825184600000003
./main < ./1500.txt,0.001747638767137452,0.0003265062362339991,0.0016380663799999994,0.0014196237578814638,0.0005557029003783105,0.0014048623799999996,0.00382383538
./main < ./1600.txt,0.0017590465116666717,0.0003052471100085545,0.0016481972199999999,0.0014369489583333339,0.0005517542708333334,0.00138403672,0.0035083177199999997
./main < ./1700.txt,0.001793847553498051,0.00023905953510445469,0.0017481825600000004,0.0015391015344603392,0.0005285063719115736,0.00148117856,0.00406906756
./main < ./1800.txt,0.0018737800684967313,0.0002444948905976634,0.0018099601599999996,0.0015028514509803934,0.0005456790849673202,0.0015620071599999996,0.0035192461599999995
./main < ./1900.txt,0.0019000088767394101,0.00022526302095034797,0.0018402066200000002,0.0015700188703465967,0.0005540546341463415,0.0016068706200000004,0.003503606620000001
./main < ./2000.txt,0.001879101546259542,0.00032257025156304285,0.00176770296,0.0015243317251908395,0.0005745846412213739,0.0015365579599999997,0.00368186596
./main < ./2100.txt,0.0020169856387985876,0.0003395943585623589,0.0019223686600000007,0.0016789691872791533,0.000627704593639576,0.0016323216600000008,0.003811311660000001
./main < ./2200.txt,0.001965585293324214,0.0002895190835262265,0.0018892338200000003,0.0016168021067031458,0.000569337948016416,0.0016377068199999998,0.003945550819999999
./main < ./2300.txt,0.0020416181227722783,0.00025934884646559267,0.0019880894000000003,0.001685499264497879,0.0006191179632248938,0.0017303784000000004,0.004514208400000001
./main < ./2400.txt,0.002122966663963414,0.00022733878476737142,0.0020603147600000006,0.0019069858536585346,0.0005273492378048779,0.0018236882600000002,0.0034410992600000002
./main < ./2500.txt,0.0021697226377004526,0.00026178310782067364,0.0021010623200000004,0.001807033645990923,0.0006326151891074131,0.00178507732,0.0036652453199999997
./main < ./2600.txt,0.002231236384158416,0.00032549143051950087,0.0021033953,0.0018279009900990094,0.0006064053795379535,0.0018494233000000003,0.003909462300000001
./main < ./2700.txt,0.0022087406975000016,0.0003263054122994486,0.0020934382600000007,0.0016952023255813952,0.000688239186046512,0.001860907760000001,0.004558674760000001
./main < ./2800.txt,0.0022841902440995615,0.0002581320035111115,0.00223818584,0.0018555331771595899,0.0006311566032210837,0.0019684198400000004,0.004354193840000001
./main < ./2900.txt,0.0023030213155555554,0.0002056771128112566,0.0022532968399999994,0.001956912148148149,0.000595405777777778,0.001997707839999999,0.0036374118399999994
./main < ./3000.txt,0.0023618417509090905,0.0002567148782077477,0.00229133496,0.0021923404848484844,0.0005372860606060607,0.0020664839599999997,0.00413192796
./main < ./3100.txt,0.0024103127892307653,0.0002884765554817681,0.0023149369599999993,0.0017335689230769213,0.000771850215384615,0.0020900649599999996,0.004087700959999999
./main < ./3200.txt,0.0024732253199687996,0.00036854636366964565,0.0023416500999999994,0.002068773634945397,0.0006602175351014039,0.0020541581,0.0042781671
./main < ./3300.txt,0.002455638543004694,0.0003030790536044275,0.00239058582,0.0019913017214397487,0.0006541515805946788,0.00207659882,0.004396203820000001
./main < ./3400.txt,0.002493255267975649,0.0002579464400532619,0.0024462155799999993,0.0020547092846270915,0.0006665972602739726,0.0021408185799999995,0.00416810658
./main < ./3500.txt,0.0025653870322675373,0.0002871728548612507,0.00249496606,0.002102630734094616,0.0006217626427406197,0.0022413430600000004,0.005887523060000001
./main < ./3600.txt,0.0024811828665408818,0.0002739623275911248,0.0024055384200000005,0.0020144550314465394,0.000648673113207547,0.0021567779200000006,0.0039581719200000014
./main < ./3700.txt,0.002483416517011498,0.00032083482489787926,0.0023615375400000004,0.002136461412151067,0.000692575303776683,0.0021293885400000003,0.0041030745399999995
./main < ./3800.txt,0.0026510458852859364,0.00031707327589782197,0.002571423740000001,0.002273819845440497,0.00065021885625966,0.0022718157400000013,0.004402715740000001
./main < ./3900.txt,0.0026668162968652084,0.00028330462582330936,0.002617310800000001,0.002156285736677116,0.0007063853918495298,0.002319226300000001,0.004962245300000001
./main < ./4000.txt,0.002757089610793648,0.0002876593813305189,0.00267581906,0.0025428835555555544,0.0005671624761904762,0.0024478775599999997,0.00462979256
./main < ./4100.txt,0.0028525444284087154,0.00027459297869264205,0.0027818500800000003,0.0024126389949748785,0.0006733544388609714,0.00247524608,0.00442088608
./main < ./4200.txt,0.0027339757577813997,0.00032850680510789995,0.002633247039999999,0.002185317324632953,0.0008072130179445348,0.002341424039999999,0.004892609039999999
./main < ./4300.txt,0.0028514443050184496,0.0003724877990039497,0.0027588029600000004,0.0022092441328413273,0.0008806684132841325,0.00246918496,0.005013241960000001
./main < ./4400.txt,0.0029678744618914206,0.0002903534767763901,0.0029046789399999997,0.0024234253940455365,0.0007142814010507884,0.00263965294,0.0050361439400000005
./main < ./4500.txt,0.0030059312007956578,0.0003107698105718364,0.002930237680000001,0.0024658760216998204,0.0007800386980108499,0.0026076376800000006,0.00605433168
./main < ./4600.txt,0.0030679641039826843,0.00029562586951720476,0.0029789729199999992,0.0024067800000000003,0.0008695218181818184,0.0027425709199999995,0.00495602592
./main < ./4700.txt,0.0031122592013285454,0.0003551739222877694,0.0030081360199999997,0.002472830377019748,0.0007670301615798918,0.002734653019999999,0.00596047302
./main < ./4800.txt,0.003128047935643228,0.0003344197970889664,0.0030108875600000006,0.0023227384219554055,0.000917756432246998,0.00274042156,0.00487161756
./main < ./4900.txt,0.0031430355615564218,0.00033038234570376455,0.0030738592600000007,0.002346254980544745,0.0009307352140077824,0.0026712192600000005,0.00542703626
./main < ./5000.txt,0.0032304073702721075,0.00030809178477506966,0.0031488159400000003,0.0026797191836734667,0.0007909290476190477,0.0028717299400000005,0.00515302594
./main < ./5100.txt,0.0032589344552772783,0.0003244797107782299,0.0031759485000000002,0.002670867119856891,0.0008005821109123429,0.0029197205000000004,0.005165628500000001
./main < ./5200.txt,0.0033325062440148698,0.0002846576541974009,0.0032619025599999996,0.0026636223048327125,0.0008472604089219326,0.00295693206,0.0051413130599999995
./main < ./5300.txt,0.0033684743529729735,0.00036143077673430165,0.0032768255799999996,0.0027854095495495473,0.0008261927927927926,0.0029410425799999995,0.00554427058
./main < ./5400.txt,0.0033555033983970837,0.0003714003600469082,0.0032551022799999995,0.002784748743169396,0.0008480647723132968,0.0029337672799999996,0.00599697328
./main < ./5500.txt,0.0033864528504629647,0.00031012798942250676,0.0033322917,0.0027518906018518547,0.0008551113888888895,0.0030310797000000006,0.005696233700000001
./main < ./5600.txt,0.00334688028350365,0.00027565711977658655,0.00328782782,0.002788966642335762,0.0008158421897810222,0.0030172343199999997,0.0055649933199999994
./main < ./5700.txt,0.0033349426295967745,0.0002446032425780997,0.00328162118,0.002890034233870964,0.0007825924999999999,0.00305141368,0.00528252568
./main < ./5800.txt,0.0035646646644444434,0.0003603752688367438,0.00346840252,0.0027525577777777798,0.0009387570370370372,0.003144488519999999,0.0056507645200000005
./main < ./5900.txt,0.003586075580754716,0.00039470685355846874,0.00346477826,0.0027192390188679255,0.0010349814716981134,0.00315074976,0.0061533147600000004
./main < ./6000.txt,0.003612424392998139,0.0003594470197747989,0.0035249679199999997,0.0028946379888268167,0.0009419363128491619,0.0032302599200000003,0.005932040920000001
./main < ./6100.txt,0.0036911731633009755,0.00037600108978154867,0.003597341340000001,0.0030740605048543714,0.0008507693980582522,0.0033041873400000005,0.006513641340000002
./main < ./6200.txt,0.0036890564765384645,0.000300321197549438,0.0036149169400000007,0.0029890769230769237,0.000915605923076923,0.0033775149400000004,0.005486612940000001
./main < ./6300.txt,0.00380588140766571,0.0003759052879264338,0.00370746318,0.003114609567723341,0.0008574493371757926,0.00341010318,0.0065367231800000005
./main < ./6400.txt,0.003721478974851488,0.0003817950309300666,0.0035966129600000004,0.0030097646534653455,0.0009170616336633662,0.0033239244600000006,0.005873039460000001
./main < ./6500.txt,0.0038994847702564085,0.0004638670945995869,0.0037543263599999995,0.0035651491124260334,0.0007320949901380671,0.00340623136,0.006352596359999999
./main < ./6600.txt,0.003866023153839663,0.0003551163432099997,0.0037831545800000007,0.0033253008438818535,0.0008022107172995783,0.003471134080000001,0.006364739080000001
./main < ./6700.txt,0.0039045993716959044,0.00033076193817901917,0.00382881936,0.003315387914230021,0.0007919256920077967,0.00355640836,0.0063104443599999996
./main < ./6800.txt,0.003961770644129556,0.00028771883669625786,0.0038936843000000002,0.003353296194331986,0.0008163348178137658,0.0036346328000000008,0.005987436800000001
./main < ./6900.txt,0.004033337260000001,0.000372801823175688,0.003925163360000001,0.003503741306122447,0.0007772908163265309,0.00363979136,0.00664410536
./main < ./7000.txt,0.004273128420513918,0.0006021708797652378,0.004060158140000001,0.0033435605995717353,0.0010439486081370453,0.00363063514,0.0074982211400000005
./main < ./7100.txt,0.00450882403074792,0.0008036975598767158,0.0042403481,0.003747253296398894,0.0010219698060941825,0.0036077051000000006,0.007744729100000001
./main < ./7200.txt,0.004249133910266347,0.0006899407398601974,0.00413754738,0.003575994624697337,0.0009587917675544792,0.0035021663800000003,0.00894350738
./main < ./7300.txt,0.004023313558829039,0.0005748120446628821,0.0038768220599999996,0.003508557377049181,0.0008504218735362998,0.0033757440599999993,0.007269359059999999
./main < ./7400.txt,0.004166716091921185,0.0003474868163786665,0.00409147822,0.0035173708866995087,0.0008333139901477834,0.0036957892199999992,0.0057264032200000006
./main < ./7500.txt,0.004174714276170213,0.0004342937605188466,0.00406566424,0.003648270808510637,0.000802023404255319,0.00376168274,0.00749429974
./main < ./7600.txt,0.004137201705041318,0.0002829939522080975,0.0040404023600000005,0.0035545626033057823,0.0007739193388429746,0.003857628860000001,0.006228564860000002
./main < ./7700.txt,0.004160627157890298,0.0002467729707706958,0.00411277516,0.003610034177215191,0.0007727315189873417,0.0038796866600000006,0.00649941066
./main < ./7800.txt,0.004135252487234044,0.0002045682289315282,0.004097450400000001,0.003651891063829786,0.0007086074042553193,0.0039051774000000007,0.0055513144
./main < ./7900.txt,0.004310774741538461,0.0006042440562761579,0.0041601517799999994,0.0038957335470085524,0.0007466576068376065,0.00392329078,0.008740641779999999
./main < ./8000.txt,0.004312468808547005,0.00024008106343311082,0.0042474603,0.003860029700854699,0.0007697127777777776,0.004051854800000001,0.0062708168000000005
./main < ./8100.txt,0.004329661110258622,0.00023161366235463602,0.00425584944,0.0037901168103448295,0.0007262111637931035,0.0040402734400000005,0.0057704874399999995
./main < ./8200.txt,0.0044738303266666675,0.0002753430176623634,0.00440396646,0.004086058488888886,0.0007163226666666665,0.00416173946,0.00600059446
./main < ./8300.txt,0.004524453729196431,0.0002294896379990593,0.004470709160000001,0.004021680714285716,0.0006973324553571428,0.00424238916,0.00605691316
./main < ./8400.txt,0.0045632315950782975,0.0002848917613690801,0.0045019710000000004,0.004050382192393737,0.0007013476510067119,0.00426497,0.00716754
./main < ./8500.txt,0.004562898219999997,0.00016921281278555302,0.004532951960000001,0.0038418095999999988,0.000849274488888889,0.004320904960000001,0.005517368960000001
./main < ./8600.txt,0.004628342515299337,0.00023254953600980967,0.004573910400000001,0.004122921286031042,0.0006605708647450115,0.004346342400000001,0.0067295514
./main < ./8700.txt,0.004662207922958058,0.0002546395653735305,0.004602059700000001,0.004209146975717438,0.0007279712141280356,0.0043748867,0.007261983700000001
./main < ./8800.txt,0.00470273400036036,0.00019849258252796636,0.004671633140000001,0.004101860450450453,0.0007764899099099099,0.004407241140000001,0.006268412140000001
./main < ./8900.txt,0.004736191390426538,0.00019214033886575237,0.00469793808,0.004054870047393368,0.0008199327014218008,0.004473427580000001,0.006247411580000001
./main < ./9000.txt,0.004763059500379148,0.00021005922963813665,0.00472293678,0.004411151753554502,0.0006783790047393366,0.00451957228,0.00686603528
./main < ./9100.txt,0.004828162754334139,0.00022214771277891107,0.004776501580000001,0.004264488135593222,0.0007737624697336556,0.004571400580000001,0.00664310358
./main < ./9200.txt,0.004864255237209303,0.0002637733474602319,0.0047925686,0.00431410372093023,0.000727291488372093,0.0045832936,0.0067287376000000005
./main < ./9300.txt,0.004861067073592679,0.00020380078556434209,0.00482469468,0.0041665167048054955,0.0009019912128146458,0.00460834868,0.00626809368
./main < ./9400.txt,0.004944212638959811,0.00018794475020325702,0.00491693336,0.004489043593380608,0.0007522647754137112,0.004697938360000001,0.006318932360000001
./main < ./9500.txt,0.004993715471717171,0.00027281023620985486,0.0049448738,0.004328323434343434,0.0008267175252525256,0.0047083273000000005,0.0085893233
./main < ./9600.txt,0.005031518795980862,0.00023414316072268955,0.0049852605400000005,0.004579607655502392,0.0007487168421052629,0.00472758704,0.00663633204
./main < ./9700.txt,0.00506359650676259,0.00023668806935699292,0.005013641960000001,0.0044408499280575555,0.0007936894484412472,0.00480726596,0.00737044296
./main < ./9800.txt,0.005117505907058821,0.0002556947280304277,0.00505604866,0.00450524757647059,0.0007917927529411767,0.00484557666,0.006908805660000001
./main < ./9900.txt,0.005162892290531398,0.00022296390976216094,0.005111958520000001,0.004626437487922705,0.0007819403381642509,0.004899640520000001,0.00676321852
./main < ./10000.txt,0.0052352398039408905,0.00022622445431747136,0.005175601900000001,0.004657188078817734,0.0008110211822660099,0.004937312900000001,0.006681205900000001
./main < ./11000.txt,0.005580158532890024,0.00023463623873110735,0.0055315139600000006,0.0049961989769821006,0.0008361024040920717,0.005307349960000001,0.00732837596
./main < ./12000.txt,0.006016265044,0.0002334646523899252,0.005973514820000001,0.005216017333333334,0.000964233386666667,0.0057360708199999996,0.007465080820000001
./main < ./13000.txt,0.006432023608450702,0.00023632512730533783,0.0063846976,0.005892658873239436,0.000746852281690141,0.006119482600000001,0.007706363600000001
./main < ./14000.txt,0.006876131833313779,0.00023170835928334554,0.0068258927600000005,0.006035559296187677,0.0009752394721407623,0.006575039760000002,0.00918085576
./main < ./15000.txt,0.007287367255974843,0.00023443166120844076,0.0072321118000000005,0.006712911823899369,0.0008390928301886792,0.0069712638,0.008803470800000001
./main < ./16000.txt,0.007692103545540544,0.00023487327906619802,0.007648915379999999,0.00694241459459459,0.000914989189189189,0.007344694879999999,0.00892784388
./main < ./17000.txt,0.008284418682937066,0.00032547965686219343,0.00821769912,0.007452977342657341,0.0009519538461538461,0.00791475212,0.01125254212
./main < ./18000.txt,0.008631781133950179,0.00026951462671343944,0.00858199344,0.007577079359430602,0.0011603876156583632,0.00828239444,0.01047328244
./main < ./19000.txt,0.00908288378293041,0.0002580823128425656,0.009010276380000001,0.008049267692307693,0.0011727782417582414,0.00871272738,0.01034105238
./main < ./20000.txt,0.009500475880000003,0.00025817899075362727,0.00943892388,0.00878606942528736,0.0008760429118773944,0.00916261288,0.011547947880000001
./main < ./21000.txt,0.009935734276910562,0.0002278319482488757,0.00987279822,0.008832962601626018,0.0012218829268292684,0.009626867220000002,0.01115624622
./main < ./22000.txt,0.010375508615473253,0.0003354713859961772,0.01029695992,0.009169551028806589,0.0013565495473251026,0.01001072192,0.01285849592
./main < ./23000.txt,0.010822519963696679,0.000357072851664694,0.01072139794,0.009861302180094789,0.0010948854976303316,0.010423297940000001,0.012310392940000001
./main < ./24000.txt,0.011205762002654865,0.00029327505806480905,0.011139042600000001,0.010566397522123893,0.0009170569911504421,0.010770385600000001,0.0125482476
./main < ./25000.txt,0.011604091639802954,0.00023591648148165502,0.01154595796,0.010732538128078818,0.0010614975369458127,0.01128883296,0.01294949096
./main < ./26000.txt,0.012023610014392524,0.0002578713951963125,0.01194700072,0.011108759252336446,0.0011326132710280372,0.01168491222,0.01311494022
./main < ./27000.txt,0.012474088853043484,0.0003381713568762247,0.012380540940000002,0.01148603603864734,0.001118120579710145,0.012123313940000002,0.014365963940000002
./main < ./28000.txt,0.012864223842089559,0.00032910951476114225,0.01278906926,0.011817473333333332,0.0011528847761194028,0.01241338426,0.014476830260000002
./main < ./29000.txt,0.01331725901040816,0.0003537560161958121,0.01323371024,0.0123093281632653,0.0011272835714285713,0.01289332874,0.01577766074
./main < ./30000.txt,0.013751470615208332,0.0005321632908836028,0.01366009636,0.012546201666666668,0.0013948370833333334,0.01327687536,0.019264649360000004
./main < ./31000.txt,0.014153135576739122,0.00032829829049081487,0.014070673680000001,0.013412359130434781,0.001026035543478261,0.01382118418,0.01569493818
./main < ./32000.txt,0.014878924467692303,0.0007063517473721617,0.014595481660000001,0.013370688351648343,0.001561101098901099,0.01423922616,0.017899940160000002
./main < ./33000.txt,0.016449019125882352,0.00185807895375721,0.01574352992,0.015412734117647072,0.0012341788235294116,0.014819008420000002,0.02425002542
./main < ./34000.txt,0.016790880304625843,0.001594339773288777,0.01631413774,0.014966239591836732,0.001836162176870748,0.015273505740000002,0.026405748740000002
./main < ./35000.txt,0.016285436189473687,0.0005645415224645257,0.016091166900000002,0.015024878947368417,0.0013843902631578947,0.015710859900000002,0.019149452900000002
./main < ./36000.txt,0.016537371961250002,0.00032086347643576536,0.016472194080000002,0.015449194999999995,0.0013242274999999994,0.01607277008,0.01812969808
./main < ./37000.txt,0.01704606604512821,0.0006918471437179181,0.016921963340000002,0.015695477179487178,0.0014472399999999998,0.01654185884,0.02358116784
./main < ./38000.txt,0.017443748005806455,0.00033377215667474954,0.01737792518,0.016353736129032247,0.0012762154838709676,0.01700185718,0.01888830218
./main < ./39000.txt,0.01788474057342105,0.00042205204795068137,0.01775986208,0.016263485263157892,0.0016877876315789478,0.01739097808,0.019909020080000003
./main < ./40000.txt,0.018163780048108112,0.0003346561446216942,0.01809468644,0.016874794054054055,0.0013884881081081082,0.01777065044,0.020817195440000002
./main < ./41000.txt,0.018581226973055566,0.000257897689129919,0.01852796098,0.01721164999999999,0.001433449722222222,0.01821457198,0.01968323198
./main < ./42000.txt,0.019075733648732402,0.0005534566677905572,0.018959053860000005,0.017867418591549295,0.0013490436619718312,0.018664994860000002,0.024138909860000002
./main < ./43000.txt,0.01950277925900709,0.00042346137563325343,0.01939806872,0.018182678865248228,0.0014345992907801423,0.019022688720000003,0.02179837772
./main < ./44000.txt,0.01984457943582735,0.0003590872981513267,0.01978425822,0.018576385035971216,0.0013685758273381298,0.019402213220000002,0.02212971622
./main < ./45000.txt,0.020356126823235305,0.0006588208928948176,0.020275748360000005,0.018604804705882348,0.0017770676470588239,0.01977955736,0.026778628360000004
./main < ./46000.txt,0.020725628965624996,0.0003084617536424329,0.0206678217,0.018961534687499997,0.0018572209375000005,0.0202451097,0.0219729877
./main < ./47000.txt,0.021181090289999996,0.00038345058896481645,0.021059530540000003,0.019599319062499992,0.00167413125,0.02072696404,0.02321044504
./main < ./48000.txt,0.021652315504341102,0.000447285741056611,0.021548969140000002,0.020438190232558127,0.001277070697674419,0.02111343714,0.02378278614
./main < ./49000.txt,0.022014627698688533,0.0005023081924721481,0.02190035192,0.02062038426229508,0.0015251162295081965,0.02151514892,0.02523336592
./main < ./50000.txt,0.022370963672845523,0.00028526675883113297,0.02231442312,0.020777692195121943,0.00166003674796748,0.02192130712,0.02331169312
./main < ./51000.txt,0.02286892228426229,0.0003846390524851068,0.02277605894,0.02096049344262296,0.0019423193442622954,0.022328777940000002,0.02489943394
./main < ./52000.txt,0.02329333191217391,0.00043299737103773945,0.02318831566,0.021594211304347823,0.0018066928695652173,0.02278663066,0.02609140366
./main < ./53000.txt,0.023625980703478263,0.0003076440961695148,0.023559259460000002,0.022340846956521724,0.0013720231304347823,0.02313861046,0.02465809846
./main < ./54000.txt,0.024119114352920343,0.0005039571518910829,0.02396020676,0.02275813132743363,0.0014062035398230087,0.023601729760000002,0.026674293760000002
./main < ./55000.txt,0.024420710356363624,0.0002960130338393928,0.02433314082,0.02274804363636362,0.001754419272727272,0.02403611182,0.025580284820000004
./main < ./56000.txt,0.02507015924703703,0.001247450752829168,0.02485247096,0.023562091851851857,0.0016066111111111114,0.02435047646,0.03693659046
./main < ./57000.txt,0.02531065206909091,0.0004011493915597959,0.025176648660000002,0.023645016363636362,0.001753738545454546,0.02482168366,0.027074793660000002
./main < ./58000.txt,0.02575471746018692,0.0004728192074679411,0.02559513032,0.024158730280373828,0.0017041895327102809,0.025254078320000005,0.02778596532
./main < ./59000.txt,0.02622446943555555,0.0005538389245614639,0.02611193838,0.024527458888888874,0.0017285907407407403,0.025605504379999998,0.02996682538
./main < ./60000.txt,0.026876161933461522,0.0017084812812827237,0.026466779020000004,0.025350170769230764,0.0015365198076923074,0.026049674020000003,0.04148556902
./main < ./61000.txt,0.02687363584461537,0.0002665113577479331,0.02685439946,0.02502233423076923,0.001843903461538461,0.02642743146,0.027837070460000002
./main < ./62000.txt,0.027378032220792086,0.000590237510269276,0.027266979300000004,0.02567768039603961,0.001816603366336634,0.026899660300000003,0.0322936403
./main < ./63000.txt,0.028093291700000002,0.002308357881701091,0.027676064860000002,0.026247460000000004,0.0017994499999999993,0.02722276786,0.044602118860000005
./main < ./64000.txt,0.029110009920000002,0.0025787062642633456,0.02835717852,0.027318200000000008,0.001802634000000001,0.027717324020000003,0.04708103302
./main < ./65000.txt,0.028668740919999998,0.0003985916476421177,0.028598087600000002,0.027295420000000004,0.0014995106,0.0280959886,0.0309814416
./main < ./66000.txt,0.03000266076999999,0.0017284178034268224,0.0296603159,0.028187230000000004,0.0018336015999999991,0.0290472054,0.0458995634
./main < ./67000.txt,0.030167981080000003,0.0004018618787642977,0.030095111800000005,0.028043020000000002,0.00215586,0.029413698300000003,0.031795413300000006
./main < ./68000.txt,0.030572418569999996,0.0005301061010693754,0.03046705564,0.02838431,0.0022355656000000003,0.02986600064,0.03463669064
./main < ./69000.txt,0.03089403104000001,0.000477429642408253,0.03079225482,0.02861952,0.0022971380000000007,0.03031922182,0.03342936682
./main < ./70000.txt,0.031492153550000006,0.0004099100672327334,0.031427405660000005,0.02927076999999998,0.0022541984000000004,0.030759318660000003,0.03268378566
./main < ./71000.txt,0.03209708095999999,0.0011503689434712952,0.0318236611,0.03012197999999998,0.0019499560000000005,0.0311804636,0.038378540600000004
./main < ./72000.txt,0.03227073026000001,0.0006456535847906462,0.03206816748,0.030324419999999977,0.0021009068,0.031573100980000005,0.035278535980000005
./main < ./73000.txt,0.03255794524,0.0005182952501483081,0.0324342284,0.03108941999999999,0.0016231391999999994,0.031992248400000006,0.035656117400000006
./main < ./74000.txt,0.03312067444000001,0.0007068742143431008,0.033004806100000006,0.03126529000000001,0.0018985299999999996,0.0324207721,0.0388222961
./main < ./75000.txt,0.03332097756,0.0004827782069889935,0.03321263982,0.03151732999999999,0.0019338568000000001,0.032694743820000004,0.03601050982
./main < ./76000.txt,0.03512024942000001,0.003175590982851324,0.034236278120000005,0.03299212,0.0021664399999999995,0.033254642120000004,0.05791969012
./main < ./77000.txt,0.034847257479999984,0.0010062091433922019,0.03466613366,0.03227017999999999,0.0025974979999999997,0.03376327466,0.04110068866
./main < ./78000.txt,0.036997663089999994,0.004411646429968644,0.035499989499999995,0.034586679999999995,0.0023826828,0.0338562765,0.0610642495
./main < ./79000.txt,0.03609043562000001,0.001217917906176865,0.03570997368,0.03347217999999999,0.0025648925999999994,0.03471330068,0.04207355268
./main < ./80000.txt,0.03633239434,0.0011023510977813073,0.0361070089,0.033890630000000005,0.0024634969999999994,0.0350407294,0.043095823400000004
./main < ./81000.txt,0.036586719690000005,0.0012505440455311224,0.036320498320000005,0.034317320000000005,0.0021776284,0.03547534282,0.04430799782
./main < ./82000.txt,0.03711051211999999,0.0012411358180375485,0.03675508324,0.035096779999999994,0.0020798808,0.03571554274,0.043120646740000004
./main < ./83000.txt,0.03734110974,0.00087253808152416,0.03714197316000001,0.03483399,0.002515865,0.036157125160000005,0.04114045016
./main < ./84000.txt,0.038357562510000005,0.0016271467005567646,0.03789785274,0.03648318999999998,0.001875045600000001,0.03690011524,0.04795542724
./main < ./85000.txt,0.038902640190000004,0.002449383586074034,0.03814880718,0.03653002000000001,0.002347198799999999,0.03681642818,0.057951711180000004
./main < ./86000.txt,0.038332668470000004,0.002162159943215086,0.03744142232,0.036146269999999994,0.002175482600000001,0.03703907782,0.04796857382
./main < ./87000.txt,0.03824420518000001,0.0018142615045333736,0.037884430520000005,0.03656802999999999,0.0018024647999999996,0.037451150520000004,0.05456519252
./main < ./88000.txt,0.03951478988999999,0.00450608205959831,0.0383633097,0.037236429999999994,0.002171103999999999,0.0377907107,0.0643840747
./main < ./89000.txt,0.03883468325,0.00042565501144911053,0.038747891820000005,0.03680544000000001,0.0020575676,0.03819455982,0.04060602382
./main < ./90000.txt,0.03926614557000002,0.0006175584521126957,0.03911148208,0.037831909999999996,0.0015572445999999993,0.03856896808,0.043366944080000004
./main < ./91000.txt,0.039658836680000004,0.0004783845148255018,0.03954458192,0.03800299000000001,0.0017698987999999996,0.03902752092,0.041466629920000005
./main < ./92000.txt,0.04009719361,0.0005341566523516308,0.039981549899999996,0.03803870000000001,0.0020950663999999997,0.0394915614,0.042043221400000004
./main < ./93000.txt,0.040236665119999994,0.0009090571407717554,0.0399989838,0.03793530999999999,0.002425071999999999,0.0394679988,0.0457443078
./main < ./94000.txt,0.040796963849999986,0.0003712147907399476,0.04073871544,0.03888896999999998,0.0019438046000000004,0.04024450444,0.04231194144000001
./main < ./95000.txt,0.04142700315,0.0009524230334753515,0.04119427910000001,0.03921812999999999,0.0021956564000000004,0.040707506100000006,0.0473144141
./main < ./96000.txt,0.04172642655999999,0.0006781950270719983,0.04162383662,0.03913333000000001,0.0025714620000000005,0.04104863262,0.04680778362
./main < ./97000.txt,0.04206506413,0.0003894794331706712,0.04202710874,0.03960683999999999,0.002464277,0.041493755740000006,0.043767374740000003
./main < ./98000.txt,0.045408950899999995,0.003588576092817138,0.044459475580000005,0.043119239999999996,0.0022515063999999996,0.04197371908,0.05989616708000001
./main < ./99000.txt,0.04439442755,0.001523920512396311,0.04394108374,0.04226301,0.002117407,0.042542271240000006,0.05200467524
./main < ./100000.txt,0.04592188493999999,0.0040737121687874295,0.044629427640000004,0.04324660999999999,0.00251956,0.04300598964,0.06693004864
./main < ./110000.txt,0.05005225996999999,0.00363584109094236,0.048865277420000006,0.04718490000000001,0.0027826248,0.04712611792,0.06984392092000001
./main < ./120000.txt,0.05438616429999999,0.005112195337368657,0.05287788662,0.05208485999999997,0.0022448026,0.05161285512,0.08652548512
./main < ./130000.txt,0.05780705349000002,0.0024735998163448085,0.0570967101,0.055498909999999985,0.0022878283999999997,0.055786786100000006,0.0742268241
./main < ./140000.txt,0.06301606696,0.0018568607687839563,0.062424750300000005,0.059642479999999984,0.0032565760000000006,0.0608154328,0.0704905588
./main < ./150000.txt,0.06708211898,0.002443080543434838,0.06649446418,0.06382829000000002,0.003085244000000001,0.06507258818,0.08811934918
./main < ./160000.txt,0.07072648896999999,0.001383075889093321,0.07039013146,0.06749398,0.0030334916000000008,0.06884908696000001,0.07654654996
./main < ./170000.txt,0.07456079963999997,0.0010379423660342698,0.0744844785,0.0712291,0.0032313319999999995,0.072902875,0.07795083900000001
./main < ./180000.txt,0.07999854686000002,0.002813740043903496,0.07897182352000001,0.07649457999999996,0.0032833947999999996,0.07685367552000001,0.09317385152000002
./main < ./190000.txt,0.08197762374,0.0014836682014464368,0.08159422884,0.07907410000000001,0.0028161206,0.08061220884,0.09070955984000001
./main < ./200000.txt,0.0857320219,0.0007628122665538758,0.08559298000000001,0.08226727,0.003443295999999999,0.084767736,0.087991095
./main < ./210000.txt,0.09016414931000004,0.0015032473876787705,0.08974114642,0.08685558,0.003246991999999998,0.08885559192,0.09880096192
./main < ./220000.txt,0.09401814284000005,0.0008285965243364883,0.09377793868,0.09062527000000004,0.0033219124000000012,0.09300101318000001,0.09802228418
./main < ./230000.txt,0.09820835989999997,0.0018535306444883936,0.09775799484,0.09461659000000001,0.0035200204,0.09711947334,0.11417350034
./main < ./240000.txt,0.10233762449999999,0.0009968488513319852,0.1019495567,0.09869515999999998,0.003622370000000001,0.10146062670000001,0.1065383807
./main < ./250000.txt,0.10651591288,0.0010008785910279646,0.10610094766,0.10339450999999995,0.003056882999999999,0.10550316016,0.11072854816
./main < ./260000.txt,0.11071833580000001,0.0014532203846438683,0.11025764498,0.10680659000000006,0.003803124399999999,0.10952533298,0.12179095798
./main < ./270000.txt,0.11721201580000003,0.0026166391793705926,0.11669709978000001,0.11231895,0.0047415619999999995,0.11568939678000001,0.13978769778
./main < ./280000.txt,0.12101443365,0.0012020164504980891,0.12075847472000001,0.11702897999999999,0.0038594911999999993,0.11975402522,0.12808144622
./main < ./290000.txt,0.12541149807000004,0.0014280734125734062,0.12504177488,0.12077245000000002,0.004460797999999997,0.12393904288,0.13311486288000002
./main < ./300000.txt,0.12919435703999999,0.0010783892992543296,0.12885509290000002,0.12500903,0.004146047800000002,0.1281410749,0.1336974629
./main < ./310000.txt,0.1335951758,0.0017981678793374967,0.13303473068000002,0.12946043,0.004016818999999998,0.13226037018,0.14633054918000002
./main < ./320000.txt,0.13739756113999996,0.0011017524591267179,0.13707888226000003,0.13245731000000002,0.0048050364000000005,0.13622113176,0.14374918776
./main < ./330000.txt,0.14193692545000006,0.0016680605197885372,0.14142177064,0.13726198999999997,0.0045757227999999985,0.14045440964,0.15152170164
./main < ./340000.txt,0.14619993470999995,0.0013384043163020428,0.14587443688,0.14084266999999998,0.0049555556,0.14460415538000002,0.15472719538000002
./main < ./350000.txt,0.15013489091000004,0.001298735711601701,0.14975894014000002,0.1459573,0.0040192855999999985,0.14882103164000002,0.15652069164000001
./main < ./360000.txt,0.15685019512999998,0.0058058513082083025,0.15435022336,0.15167498000000001,0.004968115199999999,0.15266482486,0.17976409686
./main < ./370000.txt,0.15851409041000003,0.0016610698026658188,0.15801531424000004,0.15385362999999994,0.0045684967999999986,0.15707596624000003,0.16745097624000002
./main < ./380000.txt,0.16277435719999997,0.001813426052727723,0.16215116592,0.15843651999999994,0.0041791111999999984,0.16112215342,0.17315765442
./main < ./390000.txt,0.16705680296000008,0.0014622780821816578,0.16684180922000003,0.16219852999999998,0.004331781199999998,0.16519513472000003,0.17590885572
./main < ./400000.txt,0.17099646999999993,0.0017232143822700804,0.1704457731,0.16534282999999994,0.005390718800000002,0.1694011021,0.1806848801
./main < ./410000.txt,0.17620646378999993,0.0072293094711276245,0.17465321698000003,0.17129383,0.0046903484,0.17347940698,0.23354803098000002
./main < ./420000.txt,0.18055506267000004,0.005858732672926565,0.17925995884,0.17572733,0.004384791200000001,0.17781490434000002,0.22617401934000003
./main < ./430000.txt,0.18336793141000002,0.0013764470424686593,0.18305966792,0.17841935,0.004756712,0.18186707442,0.19090597942
./main < ./440000.txt,0.18743710345000003,0.0016921535481725998,0.186947729,0.18254425999999999,0.004776033199999999,0.18584654150000002,0.1948692435
./main < ./450000.txt,0.19194666818999995,0.0014983723735906686,0.19158429300000002,0.18691495000000008,0.004709250399999999,0.19023637000000002,0.19881668900000002
./main < ./460000.txt,0.19613225860999997,0.002280931575939839,0.19528226652,0.19130833,0.004676063600000001,0.19389855602,0.20755348902
./main < ./470000.txt,0.20580394852000009,0.012734383212604441,0.20106645136,0.20009619999999997,0.005447298200000001,0.19843224586,0.27391377786000004
./main < ./480000.txt,0.20695133640000002,0.007603216820942328,0.20442474524,0.20098092999999995,0.0057108496,0.20248029624,0.24179390624000002
./main < ./490000.txt,0.20839259489,0.0018605642525624606,0.20758258216,0.20348723000000007,0.0048003766000000005,0.20684536816000001,0.21667287316
./main < ./500000.txt,0.21341315296000005,0.002386534070301785,0.21253579920000001,0.20841048000000004,0.0047997852,0.21103106470000002,0.2219233707
./main < ./510000.txt,0.21748408988000012,0.002776235208485761,0.21658916426000002,0.21199511,0.005376158400000002,0.21554255626000002,0.23939124526000002
./main < ./520000.txt,0.22217299165,0.0034125247012329806,0.2210381384,0.21686983999999995,0.0051366656,0.2198250064,0.2415048064
./main < ./530000.txt,0.23124790533000017,0.0036624891517038475,0.23009737888000004,0.22440073000000013,0.0064199869999999985,0.22792471588000002,0.25485032388
./main < ./540000.txt,0.23856691850000003,0.008985197128908174,0.23515521752000001,0.23081729999999992,0.0071793707999999986,0.23263180302,0.27363453502
./main < ./550000.txt,0.24059769387000013,0.005249075460748045,0.23870757208,0.23335802000000005,0.006904899599999999,0.23664697008000002,0.26886480608
./main < ./560000.txt,0.24432071996999993,0.004397253390386608,0.24287084514,0.2377593899999999,0.006318840999999999,0.24116942614000003,0.27310113214000004
./main < ./570000.txt,0.24950664099999995,0.008121714267830846,0.24757201367999998,0.2422477499999999,0.0070256368,0.24577457218,0.30575239018000006
./main < ./580000.txt,0.25949394346000004,0.01598441244941509,0.25302390426000004,0.25234561000000005,0.006451777,0.25015183076,0.33933215276000006
./main < ./590000.txt,0.25680829039,0.001996250895062097,0.25620910882000003,0.25012235000000005,0.0063353344,0.25464964382,0.26494307082
./main < ./600000.txt,0.26123833409999997,0.002750793975611353,0.26032458802,0.2547153400000001,0.006258715600000001,0.25877986652000007,0.27819229852000005
./main < ./610000.txt,0.26693682796999996,0.005233608886506838,0.26484616396000005,0.2593801100000001,0.007066038000000001,0.26327954796,0.29328691096
./main < ./620000.txt,0.27456432674000003,0.0072960510944223575,0.2716480226,0.2659109,0.007961031200000001,0.2679627306,0.3012873116
./main < ./630000.txt,0.28163578145,0.011524307485578906,0.27749241464,0.27345447000000006,0.007628859999999998,0.27225856764,0.32473187164
./main < ./640000.txt,0.2868180337499999,0.01214044860451683,0.28352472508000004,0.27920129999999993,0.0070382,0.27743942808,0.36745392208
./main < ./650000.txt,0.28516627745,0.006064110086450414,0.2829235174,0.2771320999999999,0.007442148999999999,0.2808186529,0.3205443449
./main < ./660000.txt,0.2886868865300001,0.004229909452942281,0.287580909,0.2812338299999999,0.006904239600000001,0.28556810800000004,0.317324216
./main < ./670000.txt,0.29719702686,0.012064582819812961,0.29330310232,0.2895808800000001,0.007021729999999997,0.28999325432,0.34926520232
./main < ./680000.txt,0.29737176491000006,0.005937670564387957,0.29587589104,0.28900728999999986,0.0080582112,0.29428250854,0.34587599754000004
./main < ./690000.txt,0.3025700655700001,0.00464585731538068,0.30104126936,0.29469249000000003,0.007414557000000001,0.29931792786,0.33217760786
./main < ./700000.txt,0.30608575999000004,0.0028633618816717972,0.30522913852,0.2984135799999999,0.007120195999999995,0.30311640952,0.31882095352
./main < ./710000.txt,0.30970129565,0.0023295488835118118,0.30898170471999997,0.30226471,0.0072095368,0.30750308222,0.31933471022
./main < ./720000.txt,0.31569442234,0.004674897788247755,0.31442225834000004,0.30795267,0.007337247600000003,0.31261898134,0.35433228734
./main < ./730000.txt,0.32025524032999997,0.0041986364884661264,0.31913042978000006,0.31251867999999994,0.007289254000000003,0.31679799828000005,0.34072881428
./main < ./740000.txt,0.32498745859000006,0.005664184405878211,0.32334519551999996,0.31692485000000004,0.007379240000000002,0.32102514651999997,0.35525214452
./main < ./750000.txt,0.32859182711,0.003926154793968835,0.32718158972,0.3211596300000001,0.0070688863999999975,0.32528031922000006,0.34950616222
./main < ./760000.txt,0.33353339729999987,0.006772983862920755,0.33181844872,0.32579985,0.0075141256,0.32998418372,0.38938561872
./main < ./770000.txt,0.3376685390700001,0.0025331564007038017,0.33701606746,0.32920079000000013,0.008129599799999998,0.33464347846000003,0.35015441146000004
./main < ./780000.txt,0.34228849472,0.005820577417092637,0.34061759416000004,0.33399866,0.0077007146,0.33897659566,0.39126280466
./main < ./790000.txt,0.34603445556000006,0.00406596701650467,0.3447498371,0.3383324500000002,0.007454146600000001,0.3428392021,0.3721932371
./main < ./800000.txt,0.35077924287,0.005684936626850682,0.3486491549,0.3426046599999999,0.007899759599999999,0.34740672840000003,0.3816502204
./main < ./810000.txt,0.3556333684700001,0.004486094914651219,0.3539463317,0.34752340000000004,0.007662826799999995,0.35187986120000003,0.3779948012
./main < ./820000.txt,0.35967936634,0.004984553847988719,0.35828573556,0.35176007000000004,0.0075326321999999975,0.35658721706,0.39789871206
./main < ./830000.txt,0.3637967102,0.002689872490882063,0.3628244485,0.35490552999999997,0.008180270199999999,0.3609346815,0.3739895855
./main < ./840000.txt,0.3691613498900002,0.00624308369376874,0.36749774022000004,0.3602341900000001,0.008434452999999998,0.36568239672,0.41361717672000003
./main < ./850000.txt,0.37393500707,0.005813619504126857,0.37198165776000003,0.36647954,0.006863434400000003,0.36988423226,0.40351813626000005
./main < ./860000.txt,0.37759878354000004,0.0033904161798018993,0.3763766341,0.36961498999999987,0.007763054000000004,0.3747522521,0.39278330510000004
./main < ./870000.txt,0.3826342790399999,0.005865088913863185,0.38029921332000005,0.3735563700000001,0.008384652800000001,0.37871914032000004,0.41064578632000004
./main < ./880000.txt,0.38754568018999996,0.003928892993907116,0.38656822124000007,0.37849851,0.008354458799999997,0.38338681724000007,0.40152217024000003
./main < ./890000.txt,0.39198974357,0.006251036096894574,0.39035893946,0.38366126000000006,0.0077818179999999985,0.38805973496,0.43841768696
./main < ./900000.txt,0.39710999402999986,0.004673758427462851,0.3954964768,0.38892312999999995,0.0076918704,0.3933478448,0.4285201598
./main < ./910000.txt,0.40117223264999985,0.0060441136047347565,0.39883080976000007,0.39308477000000003,0.007556761599999997,0.39724654126000003,0.43597351526000006
./main < ./920000.txt,0.40494757103000006,0.004935637701500194,0.40325386286,0.39737574000000025,0.0072643392,0.40175268786,0.43479535686
./main < ./930000.txt,0.4094826743900001,0.004094741068130872,0.40780564482000004,0.40100730999999984,0.008169072599999995,0.40558182882000005,0.42758479082
./main < ./940000.txt,0.41399342328999994,0.003989577325116525,0.41248682160000005,0.40517324000000005,0.007993908400000001,0.4101112881,0.4324826251
./main < ./950000.txt,0.41936260296,0.0054622634020185445,0.41735297452000003,0.41049405,0.008161762999999995,0.41497342002000004,0.44533869802000003
./main < ./960000.txt,0.4236489834400002,0.0098145385056962,0.42127151524000006,0.41441978000000007,0.00873148,0.41949116824000005,0.51156625524
./main < ./970000.txt,0.42800257877,0.005888579970867704,0.42632274756,0.41817058999999984,0.008891004999999993,0.42366197756,0.47449099356
./main < ./980000.txt,0.43299947064,0.004880311569906249,0.43138116566000007,0.4227943700000001,0.009281113799999997,0.42860154916000004,0.45488421316000005
./main < ./990000.txt,0.43596806675000005,0.002796265042217727,0.43497084798,0.42762323999999985,0.007734853600000001,0.43298204948,0.44916958848
./main < ./1000000.txt,0.44285924280000005,0.0061414071137209265,0.44077095220000007,0.43370553000000006,0.0086055236,0.43831147670000004,0.4713078627
./main < ./1100000.txt,0.49280987802000015,0.006353610403696144,0.49116230536000005,0.48086873,0.011472929199999999,0.48905987786000005,0.5452543668600001
./main < ./1200000.txt,0.5390471863100001,0.005142632258006599,0.53736054934,0.5265238200000001,0.011810119999999995,0.5340113238399999,0.56960323284
./main < ./1300000.txt,0.5839566075100001,0.004859489018039017,0.5820472592400001,0.5708625599999999,0.012391568999999998,0.57925149724,0.6081019982400001
./main < ./1400000.txt,0.6326192321400005,0.004763159399116669,0.6323781135800001,0.6177947900000003,0.012606559200000002,0.6263011820800001,0.6528619520800001
./main < ./1500000.txt,0.67734304315,0.010406223133128565,0.67360465634,0.6640481199999997,0.012243247600000002,0.6700010688400001,0.7395980038400001
./main < ./1600000.txt,0.7249258608800001,0.00904685294934577,0.72313336134,0.7079482499999997,0.014496008199999997,0.71644429984,0.78335063984
./main < ./1700000.txt,0.7718224607000004,0.01526762016877335,0.76562690304,0.7575182600000002,0.013500964400000004,0.76187512954,0.8296511805400001
./main < ./1800000.txt,0.8329422475800001,0.029731526811313417,0.81854312306,0.8167508200000003,0.015026868599999998,0.80742862506,0.93428408306
./main < ./1900000.txt,0.8632038841399998,0.011347231424445488,0.8597094634200001,0.8477208300000004,0.014424062799999993,0.85247601092,0.9218916869200001
./main < ./2000000.txt,0.9067725515900006,0.009861722245695613,0.90308632712,0.8910802800000007,0.014873430000000005,0.8985052416200001,0.9549642096200001
./main < ./2100000.txt,0.96824551506,0.01627170793861626,0.96254850372,0.9475285699999998,0.01977733,0.95650972422,1.0403397862200001
./main < ./2200000.txt,1.0148580572500003,0.014365867674939185,1.00803345252,0.9943162200000003,0.01947016,1.00319307602,1.06704137702
./main < ./2300000.txt,1.06054764983,0.012441893396149806,1.0568067146,1.0395780200000002,0.019880520000000002,1.0496745201,1.1370806321
./main < ./2400000.txt,1.10460277321,0.012429521439518585,1.0991704923199999,1.0831075900000002,0.02016868,1.09446157482,1.15428883182
./main < ./2500000.txt,1.1499120348199998,0.015228794152300024,1.14468187464,1.12891003,0.020341230000000002,1.1396696881400001,1.2322344601400002
./main < ./2600000.txt,1.1958227022100003,0.016120460836078796,1.19016535438,1.1750973899999995,0.02006962,1.18571435238,1.28165574938
./main < ./2700000.txt,1.2449800185899997,0.016667602239415463,1.2373316802999998,1.22279936,0.021424120000000005,1.2333077858,1.3334647478
./main < ./2800000.txt,1.28728829408,0.013140276950930986,1.28288923068,1.2662344600000002,0.020302630000000002,1.2783158701800001,1.38469998618
./main < ./2900000.txt,1.33383922513,0.013748078830321133,1.32861286296,1.3118135499999999,0.021219390000000008,1.32352444946,1.3994883044600002
./main < ./3000000.txt,1.3770085665299998,0.011658499019420026,1.37412074104,1.3547572600000002,0.021486540000000005,1.36934479954,1.4746680065400002
./main < ./3100000.txt,1.4260983089700003,0.010976918450460924,1.42141535914,1.40197603,0.023277129999999993,1.4165151551400001,1.46703045614
./main < ./3200000.txt,1.5170206882300001,0.0556062657010389,1.50075795798,1.4919646999999991,0.023074869999999997,1.46352335998,1.7569755349799998
./main < ./3300000.txt,1.6139446769000005,0.04152998942710512,1.6056829347200001,1.5817369299999995,0.028644060000000006,1.5524603062200002,1.83022751022
./main < ./3400000.txt,1.6823656289500004,0.05166953066204595,1.6737084181600002,1.65018751,0.028901889999999996,1.5616100401600002,1.9416259531600002
./main < ./3500000.txt,1.7453380253399997,0.03490221419207878,1.74292356108,1.71081272,0.030056180000000005,1.6723481340800002,1.87410487608
./main < ./3600000.txt,1.83065858725,0.0635178433765368,1.8111194395,1.7928137899999999,0.03258604999999999,1.7318941720000003,2.043353629
./main < ./3700000.txt,1.8361585266800002,0.09739932302507619,1.83287354604,1.7980550299999996,0.03345724,1.69722109554,2.14711555154
./main < ./3800000.txt,1.8187804257699998,0.055802403670074115,1.8146796203600002,1.7863296999999994,0.029322900000000006,1.74417411436,2.0088886003599997
./main < ./3900000.txt,1.8920083369300005,0.09856981562287438,1.85421198908,1.8586217599999997,0.030228810000000012,1.7903748830800001,2.16060913808
./main < ./4000000.txt,1.9145394188,0.06490465752058161,1.8928555288000002,1.8813634799999996,0.030328389999999997,1.8387439868000002,2.1560557558
./main < ./4100000.txt,2.0220921815499993,0.05551451758067485,2.0182834852200005,1.9874215699999989,0.03087929999999999,1.88518302122,2.2301715262200004
./main < ./4200000.txt,2.0838901785299995,0.0326333878504682,2.08122856986,2.0418847799999993,0.03812367,2.02160695836,2.18473040136
./main < ./4300000.txt,2.131928902949999,0.06740167209048177,2.1266669254200004,2.0885546500000007,0.03969475000000001,2.02219285042,2.44534449342
./main < ./4400000.txt,2.2118066279600015,0.07592757821044356,2.19910576712,2.165685589999999,0.04155228000000001,2.07239551462,2.62342953262
./main < ./4500000.txt,2.1927669025199994,0.06797316847841144,2.1632204037000005,2.1472613499999986,0.04110433,2.1068992187,2.3702469377
./main < ./4600000.txt,2.2837317532599988,0.07474159964961426,2.26508066778,2.233836319999999,0.04362355999999999,2.15975932778,2.51613324678
./main < ./4700000.txt,2.3470496940600003,0.08977317064783422,2.32689258932,2.29867079,0.042205580000000006,2.22780268982,2.64138050482
./main < ./4800000.txt,2.35533784417,0.06063290416590089,2.35269555936,2.3086756,0.04144130000000001,2.22872755036,2.5422723563600003
./main < ./4900000.txt,2.3917980401199994,0.07532325496711842,2.39266860822,2.3440007299999994,0.043638559999999986,2.2810873777199996,2.63523293472
./main < ./5000000.txt,2.49471168049,0.07099955452775157,2.4869949466600003,2.4441476399999997,0.04563602999999998,2.35737723716,2.91552122116
./main < ./5100000.txt,2.47729467919,0.08417042084139623,2.46045882148,2.4330166899999996,0.04040937000000001,2.37754746448,2.85589467448
./main < ./5200000.txt,2.485827166549999,0.06065243378634038,2.47246699506,2.442782759999999,0.04053711000000002,2.41603357606,2.76338936506
./main < ./5300000.txt,2.55455912739,0.08076540009166285,2.52621214234,2.5094182299999988,0.041842439999999995,2.4611336653399998,2.7670847793399997
./main < ./5400000.txt,2.6524517900099993,0.053631900370142926,2.6477741322200004,2.603686,0.04435290999999999,2.52045972872,2.8748673617200002
./main < ./5500000.txt,2.72969941951,0.08583883351776705,2.7132155747,2.6761469499999997,0.04839710000000001,2.5790518517,3.0763284057
./main < ./5600000.txt,2.8004756063899987,0.17223149206431518,2.75632527806,2.7483871199999994,0.04637962000000001,2.60895782256,3.59604713556
./main < ./5700000.txt,2.7705284088999993,0.10773571232510247,2.72478090358,2.7200923400000003,0.04691323999999999,2.64910956308,3.2093754310800002
./main < ./5800000.txt,2.7580582177200004,0.06062747266290673,2.7396696331,2.71118492,0.04438605000000002,2.6981685376,2.9668255566
./main < ./5900000.txt,2.78071484285,0.03902839196052401,2.7721099823800004,2.7364092199999988,0.042555640000000006,2.7423940848800004,3.0200704598800003
./main < ./6000000.txt,2.8681226631500003,0.06335195360355046,2.8566532050199998,2.8187137799999995,0.046341679999999996,2.7948094375199997,3.04089386752
./main < ./6100000.txt,2.88971144183,0.06635382273308599,2.8632337732,2.84132243,0.045598879999999974,2.8344645092,3.2583924672
./main < ./6200000.txt,2.937872179129999,0.0594600181425288,2.90988503918,2.8903977800000007,0.04513166999999999,2.88345955018,3.14977092518
./main < ./6300000.txt,3.002248898309998,0.06666156983191304,2.98133962752,2.952646309999999,0.046140450000000006,2.93010262402,3.31618278802
./main < ./6400000.txt,3.0837946457200003,0.07021850494740806,3.0687121066999996,3.0309215199999993,0.04914834999999999,2.9824650081999997,3.2859492851999996
./main < ./6500000.txt,3.1346780624300004,0.08112064101804976,3.1106700291,3.084179339999999,0.046253840000000004,3.0327407351,3.4111549591
./main < ./6600000.txt,3.1706632902599994,0.08077046631027461,3.1464729997200003,3.1171976899999994,0.048924669999999976,3.08112236422,3.46865850922
./main < ./6700000.txt,3.1637584209300007,0.04452178800654321,3.14930122082,3.11271133,0.048048509999999996,3.1179714553199998,3.32194200632
./main < ./6800000.txt,3.2202546135200008,0.0722893202174179,3.1887514157999997,3.169121069999999,0.04764722000000001,3.1676583823,3.5538790723
./main < ./6900000.txt,3.26515541711,0.06278029944162561,3.2418080070000004,3.212793500000001,0.04917736999999999,3.212808997,3.5326015180000003
./main < ./7000000.txt,3.3332590923300014,0.06972128410990411,3.31056741948,3.2804346899999985,0.04873888000000002,3.26094964048,3.63079679348
./main < ./7100000.txt,3.3918129929799994,0.059032113827079846,3.39074682708,3.3399145299999997,0.04792886999999999,3.30425519908,3.65554083408
./main < ./7200000.txt,3.4341372399399996,0.08343486811049758,3.3941458263,3.379886579999999,0.049995999999999964,3.3514974598,3.6946247258000002
./main < ./7300000.txt,3.446700520250001,0.04667446479696095,3.4293002379199997,3.3909191199999986,0.05170310999999997,3.39620840242,3.63312943942
./main < ./7400000.txt,3.5427985234399983,0.11654778018503101,3.5250338491,3.4887937900000003,0.05058885999999999,3.4450632286,4.3588679776
./main < ./7500000.txt,3.5855629882399978,0.07257954474746613,3.5765828712,3.5300191799999987,0.052017799999999996,3.4984408907,3.9346642087
./main < ./7600000.txt,3.618537882489999,0.07303978092952372,3.592461385,3.562172910000001,0.05307812,3.538315039,3.8230295160000005
./main < ./7700000.txt,3.652972343900001,0.06757377220162149,3.63575597838,3.5989516,0.051176859999999984,3.5854179148800003,3.99543415888
./main < ./7800000.txt,3.7345650350399984,0.10190641268868562,3.7191600861999996,3.6778278399999995,0.05321420000000001,3.6312633727,4.1917370247
./main < ./7900000.txt,3.763670608119999,0.06592820560050161,3.74951247578,3.70805213,0.05149651999999999,3.68166521278,4.0266423717799995
./main < ./8000000.txt,3.8156464346000014,0.07524398953074075,3.80316326718,3.7619929599999993,0.050478189999999985,3.73095719168,4.126735308680001
./main < ./8100000.txt,3.8697426393000005,0.10187837052926552,3.82987285594,3.8104693000000003,0.05460398,3.77166192444,4.20886978344
./main < ./8200000.txt,3.8970860792600006,0.10796098359230438,3.8438594016200005,3.8391366799999997,0.054218640000000005,3.8151172731200003,4.35733567612
./main < ./8300000.txt,3.8850439424700003,0.03598332751475278,3.8701025127,3.8302172300000006,0.052582199999999996,3.8611184072,4.0908298952
./main < ./8400000.txt,3.9935627348699985,0.04643486918593279,3.9756585431199998,3.9168703100000006,0.07112415999999999,3.95223427012,4.19052258612
./main < ./8500000.txt,4.027819649220001,0.04398475634660971,4.01317959216,3.9567661999999983,0.06921549,4.00176891566,4.24874050466
./main < ./8600000.txt,4.076888037239999,0.039792514782087625,4.06152151692,4.004720620000001,0.07038123,4.05070963442,4.292179193420001
./main < ./8700000.txt,4.12214272038,0.04822969445573044,4.10490449134,4.052280810000002,0.06798401,4.09461811834,4.34579858834
./main < ./8800000.txt,4.167309867849999,0.04956495506259875,4.15182946536,4.09549449,0.06985904999999998,4.13740964536,4.50763420336
./main < ./8900000.txt,4.216439643019999,0.03778580464830831,4.2024758448,4.142800439999999,0.07181505,4.190552626300001,4.4274044683
./main < ./9000000.txt,4.259783637270001,0.03542059857081376,4.24494733342,4.186949779999998,0.07095526000000002,4.23541172092,4.43607766392
./main < ./9100000.txt,4.30761028633,0.027467321040965262,4.295717892960001,4.23179756,0.07384266000000002,4.28502206646,4.43193414946
./main < ./9200000.txt,4.361186162460002,0.03793332593072426,4.34718773306,4.285743430000002,0.07347297,4.3334094075600005,4.59591463256
./main < ./9300000.txt,4.402225961099997,0.04126441248809674,4.38711494284,4.32670511,0.07352155000000002,4.37564837384,4.6468932058400005
./main < ./9400000.txt,4.45592486174,0.051749937739896744,4.44068631738,4.382418280000001,0.07154303999999997,4.42867577588,4.81225311988
./main < ./9500000.txt,4.498982253939998,0.05637759938705015,4.48420048512,4.42344444,0.07333564,4.47185773062,4.866904595619999
./main < ./9600000.txt,4.53862474872,0.02496285427994348,4.5284858331,4.460355909999999,0.07616499999999997,4.519453593600001,4.669281524600001
./main < ./9700000.txt,4.603519448039999,0.05718521010238714,4.58064377184,4.526984240000001,0.07448801000000002,4.56967570284,4.96322056784
./main < ./9800000.txt,4.637521584760002,0.031395807179696616,4.62253826954,4.55909036,0.07610065,4.60908340504,4.7736938350399996
./main < ./9900000.txt,4.681078092239998,0.03011563945381049,4.67044854968,4.6086317600000015,0.07038185,4.65831797718,4.8122418091800006
./main < ./10000000.txt,4.737157332400001,0.05109115370447012,4.7162546865,4.656715619999999,0.07830747000000002,4.7090956205,4.9973664175
